{"cameraMode":{"drawMode":0,"name":"Shaded","section":"Shading Mode"},"sceneLighting":false,"audioPlay":false,"sceneViewState":{"showFog":true,"showMaterialUpdate":false,"showSkybox":false,"showFlares":true,"showImageEffects":true,"showParticleSystems":true},"in2DMode":false,"pivot":{"x":-0.09677036106586456,"y":-0.07487610727548599,"z":-0.041667647659778598},"rotation":{"x":-0.4622151553630829,"y":0.23206929862499238,"z":-0.1267584264278412,"w":-0.846483588218689},"size":0.11730850487947464,"orthographic":false}