{"cameraMode":{"drawMode":0,"name":"Shaded","section":"Shading Mode"},"sceneLighting":true,"audioPlay":false,"sceneViewState":{"showFog":true,"showMaterialUpdate":false,"showSkybox":true,"showFlares":true,"showImageEffects":true,"showParticleSystems":true},"in2DMode":false,"pivot":{"x":-1.9412429332733155,"y":2.036140203475952,"z":-3.0166618824005129},"rotation":{"x":0.14512906968593598,"y":0.10019773244857788,"z":-0.014933384954929352,"w":0.9843332767486572},"size":1.4098844528198243,"orthographic":false}