{"cameraMode":{"drawMode":0,"name":"Shaded","section":"Shading Mode"},"sceneLighting":false,"audioPlay":false,"sceneViewState":{"showFog":true,"showMaterialUpdate":false,"showSkybox":false,"showFlares":true,"showImageEffects":true,"showParticleSystems":true},"in2DMode":false,"pivot":{"x":-0.0016266322927549482,"y":0.062179043889045718,"z":0.030102262273430826},"rotation":{"x":-0.01167032029479742,"y":0.9562674164772034,"z":-0.2898541986942291,"w":-0.038456156849861148},"size":0.11903917789459229,"orthographic":false}